<x:xmpmeta tsc:version="2.0.1" xmlns:x="adobe:ns:meta/" xmlns:tsc="http://www.techsmith.com/xmp/tsc/">
   <rdf:RDF xmlns:rdf="http://www.w3.org/1999/02/22-rdf-syntax-ns#" xmlns:xmp="http://ns.adobe.com/xap/1.0/" xmlns:xmpDM="http://ns.adobe.com/xmp/1.0/DynamicMedia/" xmlns:xmpG="http://ns.adobe.com/xap/1.0/g/" xmlns:xmpMM="http://ns.adobe.com/xap/1.0/mm/" xmlns:tscDM="http://www.techsmith.com/xmp/tscDM/" xmlns:tscIQ="http://www.techsmith.com/xmp/tscIQ/" xmlns:tscHS="http://www.techsmith.com/xmp/tscHS/" xmlns:stDim="http://ns.adobe.com/xap/1.0/sType/Dimensions#" xmlns:stFnt="http://ns.adobe.com/xap/1.0/sType/Font#" xmlns:exif="http://ns.adobe.com/exif/1.0" xmlns:dc="http://purl.org/dc/elements/1.1/">
      <rdf:Description dc:date="2020-04-08 02:05:13 " dc:source="Camtasia,19.0.10,deu" dc:title="IFU_probability_311_VID" tscDM:firstFrame="IFU_probability_311_VID_First_Frame.png" tscDM:originId="EE6598CE-EE7F-4C01-B309-2033C57177FC" tscDM:project="IFU_probability_311_VID">
         <xmpDM:duration xmpDM:scale="1/1000" xmpDM:value="1097466"/>
         <xmpDM:videoFrameSize stDim:unit="pixel" stDim:h="720" stDim:w="1280"/>
         <tsc:langName>
            <rdf:Bag>
               <rdf:li xml:lang="de-DE">German</rdf:li></rdf:Bag>
         </tsc:langName>
         <xmpDM:Tracks>
            <rdf:Bag>
               <rdf:li>
                  <rdf:Description xmpDM:trackType="ScreenText" xmpDM:frameRate="f1000" xmpDM:trackName="Screen Text">
                     <xmpDM:markers>
                        <rdf:Seq>
                           <rdf:li><rdf:Description xmpDM:name="Only valid with verbal explanations Prof." xmpDM:startTime="92533" xmpDM:duration="1000"/></rdf:li><rdf:li><rdf:Description xmpDM:name="Dr.-Ing." xmpDM:startTime="92533" xmpDM:duration="1000"/></rdf:li><rdf:li><rdf:Description xmpDM:name="Volker Lohweg 3.1" xmpDM:startTime="92533" xmpDM:duration="1000"/></rdf:li><rdf:li><rdf:Description xmpDM:name="Probability Theory – Space S Probability Frequency (“fraction of times”) an event is seen over a series of observations (“trials”)." xmpDM:startTime="92533" xmpDM:duration="1000"/></rdf:li><rdf:li><rdf:Description xmpDM:name="A Priori Probability Probability of an event before a trial." xmpDM:startTime="92533" xmpDM:duration="1000"/></rdf:li><rdf:li><rdf:Description xmpDM:name="“Classical” Probability All possible events uniformly distributed: Event subset of sample space Simple: 1 element (“sample point”) Compound: &gt;= 2" xmpDM:startTime="92533" xmpDM:duration="1000"/></rdf:li><rdf:li><rdf:Description xmpDM:name="elements" xmpDM:startTime="92533" xmpDM:duration="1000"/></rdf:li><rdf:li><rdf:Description xmpDM:name="Only valid with verbal explanations Prof." xmpDM:startTime="498733" xmpDM:duration="1000"/></rdf:li><rdf:li><rdf:Description xmpDM:name="Dr.-Ing." xmpDM:startTime="498733" xmpDM:duration="1000"/></rdf:li><rdf:li><rdf:Description xmpDM:name="Volker Lohweg 3.1" xmpDM:startTime="498733" xmpDM:duration="1000"/></rdf:li><rdf:li><rdf:Description xmpDM:name="Probability Theory – Discrete Random Variables Visualization of A" xmpDM:startTime="498733" xmpDM:duration="1000"/></rdf:li><rdf:li><rdf:Description xmpDM:name="Only valid with verbal explanations Prof." xmpDM:startTime="637700" xmpDM:duration="1000"/></rdf:li><rdf:li><rdf:Description xmpDM:name="Dr.-Ing." xmpDM:startTime="637700" xmpDM:duration="1000"/></rdf:li><rdf:li><rdf:Description xmpDM:name="Volker Lohweg 3.1" xmpDM:startTime="637700" xmpDM:duration="1000"/></rdf:li><rdf:li><rdf:Description xmpDM:name="Probability Theory – Interpretations 3." xmpDM:startTime="637700" xmpDM:duration="1000"/></rdf:li><rdf:li><rdf:Description xmpDM:name="Axiom Condition Corollary Result Generalisation S" xmpDM:startTime="637700" xmpDM:duration="1000"/></rdf:li><rdf:li><rdf:Description xmpDM:name="Only valid with verbal explanations Prof." xmpDM:startTime="879000" xmpDM:duration="1000"/></rdf:li><rdf:li><rdf:Description xmpDM:name="Dr.-Ing." xmpDM:startTime="879000" xmpDM:duration="1000"/></rdf:li><rdf:li><rdf:Description xmpDM:name="Volker Lohweg 3.1" xmpDM:startTime="879000" xmpDM:duration="1000"/></rdf:li><rdf:li><rdf:Description xmpDM:name="Probability Theory – Interpretations An important theorem (Total Probability) P[A] = ? A S B S" xmpDM:startTime="879000" xmpDM:duration="1000"/></rdf:li></rdf:Seq>
                     </xmpDM:markers>
                  </rdf:Description>
               </rdf:li>
               <rdf:li>
                  <rdf:Description xmpDM:trackType="TableOfContents" xmpDM:frameRate="f1000" xmpDM:trackName="Table of Contents">
                     <xmpDM:markers>
                        <rdf:Seq>
                           <rdf:li><rdf:Description xmpDM:name="Einführung" xmpDM:startTime="0" tscDM:image="IFU_probability_311_VID_Thumbnails.png" tscDM:imageindex="0" tscDM:imageoffset="0" tscDM:imagerect="0, 0, 75, 42"/></rdf:li><rdf:li><rdf:Description xmpDM:name="3.1 Probability Theory – Space S" xmpDM:startTime="92533" tscDM:image="IFU_probability_311_VID_Thumbnails.png" tscDM:imageindex="1" tscDM:imageoffset="0" tscDM:imagerect="75, 0, 75, 42"/></rdf:li><rdf:li><rdf:Description xmpDM:name="3.1 Probability Theory – Discrete Random Variables" xmpDM:startTime="498733" tscDM:image="IFU_probability_311_VID_Thumbnails.png" tscDM:imageindex="2" tscDM:imageoffset="0" tscDM:imagerect="150, 0, 75, 42"/></rdf:li><rdf:li><rdf:Description xmpDM:name="3.1 Probability Theory – Interpretations" xmpDM:startTime="637700" tscDM:image="IFU_probability_311_VID_Thumbnails.png" tscDM:imageindex="3" tscDM:imageoffset="0" tscDM:imagerect="225, 0, 75, 42"/></rdf:li><rdf:li><rdf:Description xmpDM:name="3.1 Probability Theory – Interpretations" xmpDM:startTime="879000" tscDM:image="IFU_probability_311_VID_Thumbnails.png" tscDM:imageindex="4" tscDM:imageoffset="0" tscDM:imagerect="300, 0, 75, 42"/></rdf:li></rdf:Seq>
                     </xmpDM:markers>
                  </rdf:Description>
               </rdf:li>
            </rdf:Bag>
         </xmpDM:Tracks>
         <tscDM:controller>
            <rdf:Description xmpDM:name="tscplayer">
               <tscDM:parameters>
                  <rdf:Bag>
                     <rdf:li xmpDM:name="autohide" xmpDM:value="true"/><rdf:li xmpDM:name="autoplay" xmpDM:value="false"/><rdf:li xmpDM:name="loop" xmpDM:value="false"/><rdf:li xmpDM:name="searchable" xmpDM:value="true"/><rdf:li xmpDM:name="captionsenabled" xmpDM:value="false"/><rdf:li xmpDM:name="sidebarenabled" xmpDM:value="false"/><rdf:li xmpDM:name="unicodeenabled" xmpDM:value="false"/><rdf:li xmpDM:name="backgroundcolor" xmpDM:value="000000"/><rdf:li xmpDM:name="sidebarlocation" xmpDM:value="left"/><rdf:li xmpDM:name="endaction" xmpDM:value="stop"/><rdf:li xmpDM:name="endactionparam" xmpDM:value="true"/><rdf:li xmpDM:name="locale" xmpDM:value="de-DE"/></rdf:Bag>
               </tscDM:parameters>
               <tscDM:controllerText>
                  <rdf:Bag>
                  </rdf:Bag>
               </tscDM:controllerText>
            </rdf:Description>
         </tscDM:controller>
         <tscDM:contentList>
            <rdf:Description>
               <tscDM:files>
                  <rdf:Seq>
                     <rdf:li xmpDM:name="0" xmpDM:value="IFU_probability_311_VID.mp4"/><rdf:li xmpDM:name="1" xmpDM:value="IFU_probability_311_VID_First_Frame.png"/><rdf:li xmpDM:name="2" xmpDM:value="IFU_probability_311_VID_Thumbnails.png"/></rdf:Seq>
               </tscDM:files>
            </rdf:Description>
         </tscDM:contentList>
      </rdf:Description>
   </rdf:RDF>
</x:xmpmeta>