<x:xmpmeta tsc:version="2.0.1" xmlns:x="adobe:ns:meta/" xmlns:tsc="http://www.techsmith.com/xmp/tsc/">
   <rdf:RDF xmlns:rdf="http://www.w3.org/1999/02/22-rdf-syntax-ns#" xmlns:xmp="http://ns.adobe.com/xap/1.0/" xmlns:xmpDM="http://ns.adobe.com/xmp/1.0/DynamicMedia/" xmlns:xmpG="http://ns.adobe.com/xap/1.0/g/" xmlns:xmpMM="http://ns.adobe.com/xap/1.0/mm/" xmlns:tscDM="http://www.techsmith.com/xmp/tscDM/" xmlns:tscIQ="http://www.techsmith.com/xmp/tscIQ/" xmlns:tscHS="http://www.techsmith.com/xmp/tscHS/" xmlns:stDim="http://ns.adobe.com/xap/1.0/sType/Dimensions#" xmlns:stFnt="http://ns.adobe.com/xap/1.0/sType/Font#" xmlns:exif="http://ns.adobe.com/exif/1.0" xmlns:dc="http://purl.org/dc/elements/1.1/">
      <rdf:Description dc:date="2020-04-08 05:33:08 " dc:source="Camtasia,19.0.10,deu" dc:title="IFU_probability_314_VID" tscDM:firstFrame="IFU_probability_314_VID_First_Frame.png" tscDM:originId="EE6598CE-EE7F-4C01-B309-2033C57177FC" tscDM:project="Unbenannt">
         <xmpDM:duration xmpDM:scale="1/1000" xmpDM:value="557433"/>
         <xmpDM:videoFrameSize stDim:unit="pixel" stDim:h="720" stDim:w="1280"/>
         <tsc:langName>
            <rdf:Bag>
               <rdf:li xml:lang="de-DE">German</rdf:li></rdf:Bag>
         </tsc:langName>
         <xmpDM:Tracks>
            <rdf:Bag>
               <rdf:li>
                  <rdf:Description xmpDM:trackType="ScreenText" xmpDM:frameRate="f1000" xmpDM:trackName="Screen Text">
                     <xmpDM:markers>
                        <rdf:Seq>
                           <rdf:li><rdf:Description xmpDM:name="Only valid with verbal explanations Prof." xmpDM:startTime="12433" xmpDM:duration="1000"/></rdf:li><rdf:li><rdf:Description xmpDM:name="Dr.-Ing." xmpDM:startTime="12433" xmpDM:duration="1000"/></rdf:li><rdf:li><rdf:Description xmpDM:name="Volker Lohweg 3.1" xmpDM:startTime="12433" xmpDM:duration="1000"/></rdf:li><rdf:li><rdf:Description xmpDM:name="Probability Theory – Bernoulli Trials A trial with only two possible outcomes is used so frequently as a building block" xmpDM:startTime="12433" xmpDM:duration="1000"/></rdf:li><rdf:li><rdf:Description xmpDM:name="of a random experiment that it is called a Bernoulli trial." xmpDM:startTime="12433" xmpDM:duration="1000"/></rdf:li><rdf:li><rdf:Description xmpDM:name="It is usually assumed that the trials that constitute the random experiment are independent." xmpDM:startTime="12433" xmpDM:duration="1000"/></rdf:li><rdf:li><rdf:Description xmpDM:name="This implies that the outcome from one trial has no effect on the outcome to be obtained from any other" xmpDM:startTime="12433" xmpDM:duration="1000"/></rdf:li><rdf:li><rdf:Description xmpDM:name="trial." xmpDM:startTime="12433" xmpDM:duration="1000"/></rdf:li><rdf:li><rdf:Description xmpDM:name="Furthermore, it is often reasonable to assume that the probability of a success on each trial is constant." xmpDM:startTime="12433" xmpDM:duration="1000"/></rdf:li><rdf:li><rdf:Description xmpDM:name="" xmpDM:startTime="12433" xmpDM:duration="1000"/></rdf:li><rdf:li><rdf:Description xmpDM:name="Only valid with verbal explanations Prof." xmpDM:startTime="166700" xmpDM:duration="1000"/></rdf:li><rdf:li><rdf:Description xmpDM:name="Dr.-Ing." xmpDM:startTime="166700" xmpDM:duration="1000"/></rdf:li><rdf:li><rdf:Description xmpDM:name="Volker Lohweg 3.1" xmpDM:startTime="166700" xmpDM:duration="1000"/></rdf:li><rdf:li><rdf:Description xmpDM:name="Probability Theory – Bernoulli Trials" xmpDM:startTime="166700" xmpDM:duration="1000"/></rdf:li><rdf:li><rdf:Description xmpDM:name="Only valid with verbal explanations Prof." xmpDM:startTime="195867" xmpDM:duration="1000"/></rdf:li><rdf:li><rdf:Description xmpDM:name="Dr.-Ing." xmpDM:startTime="195867" xmpDM:duration="1000"/></rdf:li><rdf:li><rdf:Description xmpDM:name="Volker Lohweg 3.1" xmpDM:startTime="195867" xmpDM:duration="1000"/></rdf:li><rdf:li><rdf:Description xmpDM:name="Probability Theory – Poisson Process It is well known, that production processes can be described with a binominal probability distribution" xmpDM:startTime="195867" xmpDM:duration="1000"/></rdf:li><rdf:li><rdf:Description xmpDM:name="in the case of decorrelated occurrences of true and false decisions in a process." xmpDM:startTime="195867" xmpDM:duration="1000"/></rdf:li><rdf:li><rdf:Description xmpDM:name="This fact is in general true for high volume production with low waste rates (e.g." xmpDM:startTime="195867" xmpDM:duration="1000"/></rdf:li><rdf:li><rdf:Description xmpDM:name="banknotes, electronic devices, screws, etc.)." xmpDM:startTime="195867" xmpDM:duration="1000"/></rdf:li><rdf:li><rdf:Description xmpDM:name="It can also be assumed, that the process is stationary – the occurrence is only dependent on the measurement and" xmpDM:startTime="195867" xmpDM:duration="1000"/></rdf:li><rdf:li><rdf:Description xmpDM:name="analysis time, memoryless – the number of events is not dependent on the statistic of the occurrences itself and ordinal" xmpDM:startTime="195867" xmpDM:duration="1000"/></rdf:li><rdf:li><rdf:Description xmpDM:name="– two events with different results can only occur consecutively." xmpDM:startTime="195867" xmpDM:duration="1000"/></rdf:li><rdf:li><rdf:Description xmpDM:name="" xmpDM:startTime="195867" xmpDM:duration="1000"/></rdf:li><rdf:li><rdf:Description xmpDM:name="Only valid with verbal explanations Prof." xmpDM:startTime="281800" xmpDM:duration="1000"/></rdf:li><rdf:li><rdf:Description xmpDM:name="Dr.-Ing." xmpDM:startTime="281800" xmpDM:duration="1000"/></rdf:li><rdf:li><rdf:Description xmpDM:name="Volker Lohweg 3.1" xmpDM:startTime="281800" xmpDM:duration="1000"/></rdf:li><rdf:li><rdf:Description xmpDM:name="Probability Theory – Poisson Process Poisson density function as a continuous border process of a discrete binomial density function: Mean" xmpDM:startTime="281800" xmpDM:duration="1000"/></rdf:li><rdf:li><rdf:Description xmpDM:name="and variance" xmpDM:startTime="281800" xmpDM:duration="1000"/></rdf:li><rdf:li><rdf:Description xmpDM:name="Only valid with verbal explanations Prof." xmpDM:startTime="344467" xmpDM:duration="1000"/></rdf:li><rdf:li><rdf:Description xmpDM:name="Dr.-Ing." xmpDM:startTime="344467" xmpDM:duration="1000"/></rdf:li><rdf:li><rdf:Description xmpDM:name="Volker Lohweg 3.1" xmpDM:startTime="344467" xmpDM:duration="1000"/></rdf:li><rdf:li><rdf:Description xmpDM:name="Probability Theory – Poisson Process Example 3.1-5" xmpDM:startTime="344467" xmpDM:duration="1000"/></rdf:li><rdf:li><rdf:Description xmpDM:name="“Disk error” Find the probability that zero particles occur on a disk under test." xmpDM:startTime="344467" xmpDM:duration="1000"/></rdf:li><rdf:li><rdf:Description xmpDM:name="We can assume that Find the probability that 12 or less particles are on the disc." xmpDM:startTime="344467" xmpDM:duration="1000"/></rdf:li><rdf:li><rdf:Description xmpDM:name="Poisson distribution function (12 is the number of occurences)" xmpDM:startTime="344467" xmpDM:duration="1000"/></rdf:li><rdf:li><rdf:Description xmpDM:name="Only valid with verbal explanations Prof." xmpDM:startTime="432000" xmpDM:duration="1000"/></rdf:li><rdf:li><rdf:Description xmpDM:name="Dr.-Ing." xmpDM:startTime="432000" xmpDM:duration="1000"/></rdf:li><rdf:li><rdf:Description xmpDM:name="Volker Lohweg 3.1" xmpDM:startTime="432000" xmpDM:duration="1000"/></rdf:li><rdf:li><rdf:Description xmpDM:name="Probability Theory – Difficulties Unknown Probabilities Often it is difficult or impossible to obtain all the required probabilities As more" xmpDM:startTime="432000" xmpDM:duration="1000"/></rdf:li><rdf:li><rdf:Description xmpDM:name="types of evidence are added to a Bayesian framework, more probabilities are required Choosing Values “in Desperation” If unsure, all" xmpDM:startTime="432000" xmpDM:duration="1000"/></rdf:li><rdf:li><rdf:Description xmpDM:name="simple events equally likely Not always a reasonable assumption; can lead to inappropriate conclusions (e.g." xmpDM:startTime="432000" xmpDM:duration="1000"/></rdf:li><rdf:li><rdf:Description xmpDM:name="cost-benefit of drilling for oil under your house)" xmpDM:startTime="432000" xmpDM:duration="1000"/></rdf:li><rdf:li><rdf:Description xmpDM:name="Only valid with verbal explanations Prof." xmpDM:startTime="502633" xmpDM:duration="1000"/></rdf:li><rdf:li><rdf:Description xmpDM:name="Dr.-Ing." xmpDM:startTime="502633" xmpDM:duration="1000"/></rdf:li><rdf:li><rdf:Description xmpDM:name="Volker Lohweg 3.1" xmpDM:startTime="502633" xmpDM:duration="1000"/></rdf:li><rdf:li><rdf:Description xmpDM:name="Probability Theory – Summary Probability Theory is a classical concept in measurement analysis." xmpDM:startTime="502633" xmpDM:duration="1000"/></rdf:li><rdf:li><rdf:Description xmpDM:name="Two strategies are in general possible, based on continuous or discrete variables." xmpDM:startTime="502633" xmpDM:duration="1000"/></rdf:li><rdf:li><rdf:Description xmpDM:name="Inference is possible with Probability Theory." xmpDM:startTime="502633" xmpDM:duration="1000"/></rdf:li><rdf:li><rdf:Description xmpDM:name="Inference is based on conditional probability and the prior." xmpDM:startTime="502633" xmpDM:duration="1000"/></rdf:li><rdf:li><rdf:Description xmpDM:name="One main drawback is that the prior needs to be determined carefully." xmpDM:startTime="502633" xmpDM:duration="1000"/></rdf:li><rdf:li><rdf:Description xmpDM:name="Incorrect priors give wrong or misleading results." xmpDM:startTime="502633" xmpDM:duration="1000"/></rdf:li><rdf:li><rdf:Description xmpDM:name="" xmpDM:startTime="502633" xmpDM:duration="1000"/></rdf:li></rdf:Seq>
                     </xmpDM:markers>
                  </rdf:Description>
               </rdf:li>
               <rdf:li>
                  <rdf:Description xmpDM:trackType="TableOfContents" xmpDM:frameRate="f1000" xmpDM:trackName="Table of Contents">
                     <xmpDM:markers>
                        <rdf:Seq>
                           <rdf:li><rdf:Description xmpDM:name="Einführung" xmpDM:startTime="0" tscDM:image="IFU_probability_314_VID_Thumbnails.png" tscDM:imageindex="0" tscDM:imageoffset="0" tscDM:imagerect="0, 0, 75, 42"/></rdf:li><rdf:li><rdf:Description xmpDM:name="3.1 Probability Theory – Bernoulli Trials" xmpDM:startTime="12433" tscDM:image="IFU_probability_314_VID_Thumbnails.png" tscDM:imageindex="1" tscDM:imageoffset="0" tscDM:imagerect="75, 0, 75, 42"/></rdf:li><rdf:li><rdf:Description xmpDM:name="3.1 Probability Theory – Bernoulli Trials" xmpDM:startTime="166700" tscDM:image="IFU_probability_314_VID_Thumbnails.png" tscDM:imageindex="2" tscDM:imageoffset="0" tscDM:imagerect="150, 0, 75, 42"/></rdf:li><rdf:li><rdf:Description xmpDM:name="3.1 Probability Theory – Poisson Process" xmpDM:startTime="195867" tscDM:image="IFU_probability_314_VID_Thumbnails.png" tscDM:imageindex="3" tscDM:imageoffset="0" tscDM:imagerect="225, 0, 75, 42"/></rdf:li><rdf:li><rdf:Description xmpDM:name="3.1 Probability Theory – Poisson Process" xmpDM:startTime="281800" tscDM:image="IFU_probability_314_VID_Thumbnails.png" tscDM:imageindex="4" tscDM:imageoffset="0" tscDM:imagerect="300, 0, 75, 42"/></rdf:li><rdf:li><rdf:Description xmpDM:name="3.1 Probability Theory – Poisson Process" xmpDM:startTime="344467" tscDM:image="IFU_probability_314_VID_Thumbnails.png" tscDM:imageindex="5" tscDM:imageoffset="0" tscDM:imagerect="375, 0, 75, 42"/></rdf:li><rdf:li><rdf:Description xmpDM:name="3.1 Probability Theory – Difficulties" xmpDM:startTime="432000" tscDM:image="IFU_probability_314_VID_Thumbnails.png" tscDM:imageindex="6" tscDM:imageoffset="0" tscDM:imagerect="450, 0, 75, 42"/></rdf:li><rdf:li><rdf:Description xmpDM:name="3.1 Probability Theory – Summary" xmpDM:startTime="502633" tscDM:image="IFU_probability_314_VID_Thumbnails.png" tscDM:imageindex="7" tscDM:imageoffset="0" tscDM:imagerect="525, 0, 75, 42"/></rdf:li></rdf:Seq>
                     </xmpDM:markers>
                  </rdf:Description>
               </rdf:li>
            </rdf:Bag>
         </xmpDM:Tracks>
         <tscDM:controller>
            <rdf:Description xmpDM:name="tscplayer">
               <tscDM:parameters>
                  <rdf:Bag>
                     <rdf:li xmpDM:name="autohide" xmpDM:value="true"/><rdf:li xmpDM:name="autoplay" xmpDM:value="false"/><rdf:li xmpDM:name="loop" xmpDM:value="false"/><rdf:li xmpDM:name="searchable" xmpDM:value="true"/><rdf:li xmpDM:name="captionsenabled" xmpDM:value="false"/><rdf:li xmpDM:name="sidebarenabled" xmpDM:value="false"/><rdf:li xmpDM:name="unicodeenabled" xmpDM:value="false"/><rdf:li xmpDM:name="backgroundcolor" xmpDM:value="000000"/><rdf:li xmpDM:name="sidebarlocation" xmpDM:value="left"/><rdf:li xmpDM:name="endaction" xmpDM:value="stop"/><rdf:li xmpDM:name="endactionparam" xmpDM:value="true"/><rdf:li xmpDM:name="locale" xmpDM:value="de-DE"/></rdf:Bag>
               </tscDM:parameters>
               <tscDM:controllerText>
                  <rdf:Bag>
                  </rdf:Bag>
               </tscDM:controllerText>
            </rdf:Description>
         </tscDM:controller>
         <tscDM:contentList>
            <rdf:Description>
               <tscDM:files>
                  <rdf:Seq>
                     <rdf:li xmpDM:name="0" xmpDM:value="IFU_probability_314_VID.mp4"/><rdf:li xmpDM:name="1" xmpDM:value="IFU_probability_314_VID_First_Frame.png"/><rdf:li xmpDM:name="2" xmpDM:value="IFU_probability_314_VID_Thumbnails.png"/></rdf:Seq>
               </tscDM:files>
            </rdf:Description>
         </tscDM:contentList>
      </rdf:Description>
   </rdf:RDF>
</x:xmpmeta>