<x:xmpmeta tsc:version="2.0.1" xmlns:x="adobe:ns:meta/" xmlns:tsc="http://www.techsmith.com/xmp/tsc/">
   <rdf:RDF xmlns:rdf="http://www.w3.org/1999/02/22-rdf-syntax-ns#" xmlns:xmp="http://ns.adobe.com/xap/1.0/" xmlns:xmpDM="http://ns.adobe.com/xmp/1.0/DynamicMedia/" xmlns:xmpG="http://ns.adobe.com/xap/1.0/g/" xmlns:xmpMM="http://ns.adobe.com/xap/1.0/mm/" xmlns:tscDM="http://www.techsmith.com/xmp/tscDM/" xmlns:tscIQ="http://www.techsmith.com/xmp/tscIQ/" xmlns:tscHS="http://www.techsmith.com/xmp/tscHS/" xmlns:stDim="http://ns.adobe.com/xap/1.0/sType/Dimensions#" xmlns:stFnt="http://ns.adobe.com/xap/1.0/sType/Font#" xmlns:exif="http://ns.adobe.com/exif/1.0" xmlns:dc="http://purl.org/dc/elements/1.1/">
      <rdf:Description dc:date="2020-04-08 04:18:00 " dc:source="Camtasia,19.0.10,deu" dc:title="IFU_probability_313_VID" tscDM:firstFrame="IFU_probability_313_VID_First_Frame.png" tscDM:originId="EE6598CE-EE7F-4C01-B309-2033C57177FC" tscDM:project="IFU_probability_313_VID">
         <xmpDM:duration xmpDM:scale="1/1000" xmpDM:value="816333"/>
         <xmpDM:videoFrameSize stDim:unit="pixel" stDim:h="720" stDim:w="1280"/>
         <tsc:langName>
            <rdf:Bag>
               <rdf:li xml:lang="de-DE">German</rdf:li></rdf:Bag>
         </tsc:langName>
         <xmpDM:Tracks>
            <rdf:Bag>
               <rdf:li>
                  <rdf:Description xmpDM:trackType="ScreenText" xmpDM:frameRate="f1000" xmpDM:trackName="Screen Text">
                     <xmpDM:markers>
                        <rdf:Seq>
                           <rdf:li><rdf:Description xmpDM:name="Only valid with verbal explanations Prof." xmpDM:startTime="5367" xmpDM:duration="1000"/></rdf:li><rdf:li><rdf:Description xmpDM:name="Dr.-Ing." xmpDM:startTime="5367" xmpDM:duration="1000"/></rdf:li><rdf:li><rdf:Description xmpDM:name="Volker Lohweg 3.1" xmpDM:startTime="5367" xmpDM:duration="1000"/></rdf:li><rdf:li><rdf:Description xmpDM:name="Probability Theory – Conditional Probability What is conditional probability? E.g.:" xmpDM:startTime="5367" xmpDM:duration="1000"/></rdf:li><rdf:li><rdf:Description xmpDM:name="P[Have an accident | drive fast] P[headache | flu] P[rain | clouds] P[y|x1,x2,…,xN] Definition 3.1:" xmpDM:startTime="5367" xmpDM:duration="1000"/></rdf:li><rdf:li><rdf:Description xmpDM:name="Conditional Probability P[A|B] is the probability of an event A under the condition that an event B, P[B] &gt;0, has" xmpDM:startTime="5367" xmpDM:duration="1000"/></rdf:li><rdf:li><rdf:Description xmpDM:name="occurred." xmpDM:startTime="5367" xmpDM:duration="1000"/></rdf:li><rdf:li><rdf:Description xmpDM:name="*) *) It does not mean that P[A|B]=P[A] if P[B] does not occur, P[B] = 0!" xmpDM:startTime="5367" xmpDM:duration="1000"/></rdf:li><rdf:li><rdf:Description xmpDM:name="Only valid with verbal explanations Prof." xmpDM:startTime="374867" xmpDM:duration="1000"/></rdf:li><rdf:li><rdf:Description xmpDM:name="Dr.-Ing." xmpDM:startTime="374867" xmpDM:duration="1000"/></rdf:li><rdf:li><rdf:Description xmpDM:name="Volker Lohweg 3.1" xmpDM:startTime="374867" xmpDM:duration="1000"/></rdf:li><rdf:li><rdf:Description xmpDM:name="Probability Theory – Conditional Probability Conditional Probability – How to change the condition Event Headache (H) under the condition of" xmpDM:startTime="374867" xmpDM:duration="1000"/></rdf:li><rdf:li><rdf:Description xmpDM:name="Event Flu (F)." xmpDM:startTime="374867" xmpDM:duration="1000"/></rdf:li><rdf:li><rdf:Description xmpDM:name="Event Flu (F) under the condition of Event Headache (H)." xmpDM:startTime="374867" xmpDM:duration="1000"/></rdf:li><rdf:li><rdf:Description xmpDM:name="" xmpDM:startTime="374867" xmpDM:duration="1000"/></rdf:li><rdf:li><rdf:Description xmpDM:name="Only valid with verbal explanations Prof." xmpDM:startTime="514300" xmpDM:duration="1000"/></rdf:li><rdf:li><rdf:Description xmpDM:name="Dr.-Ing." xmpDM:startTime="514300" xmpDM:duration="1000"/></rdf:li><rdf:li><rdf:Description xmpDM:name="Volker Lohweg 3.1" xmpDM:startTime="514300" xmpDM:duration="1000"/></rdf:li><rdf:li><rdf:Description xmpDM:name="Probability Theory – Conditional Probability The Bayes Rule Generalization Joint probability Bayes, Thomas (1763) An essay towards solving a problem" xmpDM:startTime="514300" xmpDM:duration="1000"/></rdf:li><rdf:li><rdf:Description xmpDM:name="in the doctrine of chances." xmpDM:startTime="514300" xmpDM:duration="1000"/></rdf:li><rdf:li><rdf:Description xmpDM:name="Philosophical Transactions of the Royal Society of London, 53:370-418" xmpDM:startTime="514300" xmpDM:duration="1000"/></rdf:li><rdf:li><rdf:Description xmpDM:name="Only valid with verbal explanations Prof." xmpDM:startTime="610867" xmpDM:duration="1000"/></rdf:li><rdf:li><rdf:Description xmpDM:name="Dr.-Ing." xmpDM:startTime="610867" xmpDM:duration="1000"/></rdf:li><rdf:li><rdf:Description xmpDM:name="Volker Lohweg 3.1" xmpDM:startTime="610867" xmpDM:duration="1000"/></rdf:li><rdf:li><rdf:Description xmpDM:name="Probability Theory – Conditional Probability Variations Total probability" xmpDM:startTime="610867" xmpDM:duration="1000"/></rdf:li><rdf:li><rdf:Description xmpDM:name="Only valid with verbal explanations Prof." xmpDM:startTime="732333" xmpDM:duration="1000"/></rdf:li><rdf:li><rdf:Description xmpDM:name="Dr.-Ing." xmpDM:startTime="732333" xmpDM:duration="1000"/></rdf:li><rdf:li><rdf:Description xmpDM:name="Volker Lohweg 3.1" xmpDM:startTime="732333" xmpDM:duration="1000"/></rdf:li><rdf:li><rdf:Description xmpDM:name="Probability Theory – Conditional Probability Variations (General Rule of Total Probability) If A1, A2,…,An a partition of S, then" xmpDM:startTime="732333" xmpDM:duration="1000"/></rdf:li></rdf:Seq>
                     </xmpDM:markers>
                  </rdf:Description>
               </rdf:li>
               <rdf:li>
                  <rdf:Description xmpDM:trackType="TableOfContents" xmpDM:frameRate="f1000" xmpDM:trackName="Table of Contents">
                     <xmpDM:markers>
                        <rdf:Seq>
                           <rdf:li><rdf:Description xmpDM:name="Einführung" xmpDM:startTime="0" tscDM:image="IFU_probability_313_VID_Thumbnails.png" tscDM:imageindex="0" tscDM:imageoffset="0" tscDM:imagerect="0, 0, 75, 42"/></rdf:li><rdf:li><rdf:Description xmpDM:name="3.1 Probability Theory – Conditional Probability" xmpDM:startTime="5367" tscDM:image="IFU_probability_313_VID_Thumbnails.png" tscDM:imageindex="1" tscDM:imageoffset="0" tscDM:imagerect="75, 0, 75, 42"/></rdf:li><rdf:li><rdf:Description xmpDM:name="3.1 Probability Theory – Conditional Probability" xmpDM:startTime="374867" tscDM:image="IFU_probability_313_VID_Thumbnails.png" tscDM:imageindex="2" tscDM:imageoffset="0" tscDM:imagerect="150, 0, 75, 42"/></rdf:li><rdf:li><rdf:Description xmpDM:name="3.1 Probability Theory – Conditional Probability" xmpDM:startTime="514300" tscDM:image="IFU_probability_313_VID_Thumbnails.png" tscDM:imageindex="3" tscDM:imageoffset="0" tscDM:imagerect="225, 0, 75, 42"/></rdf:li><rdf:li><rdf:Description xmpDM:name="3.1 Probability Theory – Conditional Probability" xmpDM:startTime="610867" tscDM:image="IFU_probability_313_VID_Thumbnails.png" tscDM:imageindex="4" tscDM:imageoffset="0" tscDM:imagerect="300, 0, 75, 42"/></rdf:li><rdf:li><rdf:Description xmpDM:name="3.1 Probability Theory – Conditional Probability" xmpDM:startTime="732333" tscDM:image="IFU_probability_313_VID_Thumbnails.png" tscDM:imageindex="5" tscDM:imageoffset="0" tscDM:imagerect="375, 0, 75, 42"/></rdf:li></rdf:Seq>
                     </xmpDM:markers>
                  </rdf:Description>
               </rdf:li>
            </rdf:Bag>
         </xmpDM:Tracks>
         <tscDM:controller>
            <rdf:Description xmpDM:name="tscplayer">
               <tscDM:parameters>
                  <rdf:Bag>
                     <rdf:li xmpDM:name="autohide" xmpDM:value="true"/><rdf:li xmpDM:name="autoplay" xmpDM:value="false"/><rdf:li xmpDM:name="loop" xmpDM:value="false"/><rdf:li xmpDM:name="searchable" xmpDM:value="true"/><rdf:li xmpDM:name="captionsenabled" xmpDM:value="false"/><rdf:li xmpDM:name="sidebarenabled" xmpDM:value="false"/><rdf:li xmpDM:name="unicodeenabled" xmpDM:value="false"/><rdf:li xmpDM:name="backgroundcolor" xmpDM:value="000000"/><rdf:li xmpDM:name="sidebarlocation" xmpDM:value="left"/><rdf:li xmpDM:name="endaction" xmpDM:value="stop"/><rdf:li xmpDM:name="endactionparam" xmpDM:value="true"/><rdf:li xmpDM:name="locale" xmpDM:value="de-DE"/></rdf:Bag>
               </tscDM:parameters>
               <tscDM:controllerText>
                  <rdf:Bag>
                  </rdf:Bag>
               </tscDM:controllerText>
            </rdf:Description>
         </tscDM:controller>
         <tscDM:contentList>
            <rdf:Description>
               <tscDM:files>
                  <rdf:Seq>
                     <rdf:li xmpDM:name="0" xmpDM:value="IFU_probability_313_VID.mp4"/><rdf:li xmpDM:name="1" xmpDM:value="IFU_probability_313_VID_First_Frame.png"/><rdf:li xmpDM:name="2" xmpDM:value="IFU_probability_313_VID_Thumbnails.png"/></rdf:Seq>
               </tscDM:files>
            </rdf:Description>
         </tscDM:contentList>
      </rdf:Description>
   </rdf:RDF>
</x:xmpmeta>